"Date","Open","Close","Volume","log_close","change","anger","anticipation","disgust","fear","joy","sadness","surprise","trust","negative","positive","int_date"
2016-11-16,182.649994,183.929993,3430400,5.21455521238475,0.000870593657928964,1,0,0,1,0,1,1,0,1,0,17121
2016-11-17,183.490005,188.660004,4887100,5.23994647442387,0.0257163659001498,1,1,0,0,1,1,1,1,1,1,17122
2016-11-21,185.039993,184.520004,4361000,5.21775788036749,-0.00270241049178666,0,0,0,0,0,0,0,0,0,0,17126
2016-11-22,185.839996,191.169998,5603400,5.25316307407903,0.0360394204196961,0,0,0,0,0,0,0,1,0,0,17127
2016-11-28,195.479996,196.119995,4529200,5.27872669128844,-0.00269513865329685,1,0,0,1,0,0,0,0,1,0,17133
2016-11-29,195.559998,189.570007,4439300,5.24475838637915,-0.0333978593054726,0,0,0,0,0,0,0,0,0,1,17134
2016-12-01,188.25,181.880005,5126400,5.20334715644746,-0.0397042726411068,0,0,0,0,0,0,0,0,0,0,17136
2016-12-06,185.520004,185.850006,3391600,5.22493992902736,-0.00508563696329278,0,0,0,0,1,0,0,1,0,1,17141
2016-12-07,186.149994,193.149994,5461900,5.26346705804835,0.0392789225952459,0,0,0,0,0,0,0,0,0,0,17142
2016-12-12,192.800003,192.429993,2438900,5.2597324148556,0.00130086382092864,0,2,0,0,0,0,2,2,0,2,17147
2016-12-13,193.179993,198.149994,6823900,5.28902428935635,0.0297251011176829,0,0,0,0,0,0,0,0,0,0,17148
2016-12-14,198.740005,198.690002,4150900,5.29174583123093,0.00272524863159984,0,3,0,1,0,1,4,3,1,4,17149
2016-12-15,198.410004,197.580002,3219600,5.28614357573881,-0.00558659212253665,1,0,0,1,0,1,0,0,2,0,17150
2016-12-27,214.880005,219.529999,5915700,5.39148889288065,0.0290147328961232,0,0,0,0,0,0,0,0,0,1,17162
2016-12-28,221.529999,219.740005,3782500,5.3924450520269,0.000956616412137734,0,2,0,2,0,2,2,0,2,0,17163
2016-12-29,218.559998,214.679993,4035900,5.36914851470196,-0.0230272680661857,1,0,1,1,0,1,1,0,1,0,17164
2016-12-30,216.300003,213.690002,4642600,5.36452637601772,-0.00461147304024745,0,0,0,0,0,0,0,0,0,2,17165
2017-01-03,214.860001,216.990005,5923300,5.37985129257184,0.0154429452436431,0,0,0,0,0,1,0,0,1,0,17169
2017-01-04,214.75,226.990005,11213500,5.42490598567501,0.0460850719829238,1,0,0,0,0,0,0,0,1,0,17170
2017-01-06,226.929993,229.009995,5527900,5.43376564888998,0.00996690187431093,0,0,0,0,0,0,1,0,0,1,17172
2017-01-10,232,229.869995,3660000,5.4375139099849,-0.00609652372058345,0,0,0,0,0,0,0,0,0,0,17176
2017-01-11,229.070007,229.729996,3650800,5.43690468889234,-0.000609035555075299,0,1,0,0,0,0,0,1,0,1,17177
2017-01-13,230,237.75,6093000,5.4712197014255,0.0355416357078555,0,0,0,0,0,0,0,0,0,0,17179
2017-01-18,236.649994,238.360001,3769000,5.47378214007411,0.0118006578504062,0,2,0,0,0,0,0,0,0,0,17184
2017-01-19,247.25,243.759995,7732300,5.49618411416547,0.0226547825866135,5,5,1,5,1,5,3,0,8,2,17185
2017-01-24,250,254.610001,4965500,5.53973296657727,0.0228587620348608,0,1,0,0,2,0,3,1,0,2,17190
2017-01-25,257.309998,254.470001,5142600,5.5391829547796,-0.000549860568909932,0,1,0,0,0,0,0,0,0,2,17191
2017-01-26,254.289993,252.509995,3152100,5.5314508320904,-0.00770230672494865,1,0,1,1,0,1,0,0,1,0,17192
2017-01-27,251.380005,252.949997,3166300,5.53319182887789,0.00174251320229923,0,1,0,0,0,0,1,1,0,2,17193
2017-01-30,252.529999,250.630005,3801100,5.52397776793625,-0.00917174155965683,0,1,0,0,1,0,0,1,1,1,17196
2017-01-31,249.240005,251.929993,4116100,5.52915124336076,0.00518688095625253,0,0,0,1,0,0,1,0,1,1,17197
2017-02-01,253.050003,249.240005,3958800,5.51841630773701,-0.0106775218304396,0,0,0,0,0,0,0,0,0,0,17198
2017-02-02,248.339996,251.550003,2499800,5.52764178886339,0.00926816704244571,0,0,0,0,0,0,0,0,0,0,17199
2017-02-06,251,257.769989,3562500,5.55206767178144,0.0256236300829695,0,1,0,0,1,0,2,2,1,5,17203
2017-02-07,258.190002,257.480011,4244800,5.55094208990618,-0.00112494864559276,0,1,0,0,0,0,0,0,0,1,17204
2017-02-08,257.350006,262.079987,3933000,5.56864975106153,0.0178653713044934,0,1,0,0,0,0,0,1,0,3,17205
2017-02-09,266.25,269.200012,7820200,5.59545464234709,0.0271673739055855,0,2,0,0,0,0,0,0,0,4,17206
2017-02-10,269.790009,269.230011,3619700,5.59556607372629,0.000111437587900109,1,0,0,1,0,1,0,0,1,1,17207
2017-02-13,270.73999,280.600006,7029600,5.63693018905111,0.0422315289360518,1,2,0,0,0,0,0,1,4,6,17210
2017-02-15,280,279.76001,4947900,5.63393212850004,-0.00434194943497235,0,0,0,0,0,0,1,0,1,0,17212
2017-02-16,277.600006,268.950012,7077300,5.59452553333721,-0.0386402545524644,0,0,0,0,0,0,0,0,0,1,17213
2017-02-21,275.450012,277.390015,5676700,5.62542451227976,0.0189545744095057,0,1,0,0,1,0,0,0,0,1,17218
2017-02-22,280.309998,273.51001,8755000,5.61133822082665,-0.0139875438558954,2,3,0,3,1,3,2,3,4,6,17219
2017-02-23,264,255.990005,14915200,5.54513840074862,-0.064056174763037,0,0,0,0,0,0,0,0,0,0,17220
2017-02-27,248.169998,246.229996,11460800,5.50626604223473,-0.0419066303501946,1,0,1,0,0,1,0,0,1,1,17224
2017-02-28,244.190002,249.990005,6078100,5.52142093706302,0.015270312557695,0,0,0,0,0,0,0,0,0,1,17225
2017-03-01,254.179993,250.020004,4809500,5.52154093066114,0.000120000797631858,1,0,1,1,0,1,0,0,1,0,17226
2017-03-02,249.710007,250.479996,3351800,5.52337906104881,0.00183982078489997,0,1,0,0,0,0,0,0,0,0,17227
2017-03-03,250.740005,251.570007,2919400,5.52772130865832,0.00435168882707915,0,2,0,0,0,0,0,1,0,1,17228
2017-03-06,247.910004,251.210007,3355500,5.52628927058402,-0.00143101319705419,0,2,0,0,0,0,0,3,1,2,17231
2017-03-07,251.919998,248.589996,3459500,5.51580493691534,-0.0104295646152344,0,0,0,0,0,0,0,0,0,0,17232
2017-03-09,247.630005,244.899994,3879300,5.50084993945833,-0.00797991266617881,0,3,0,0,0,0,0,2,0,5,17234
2017-03-10,246.210007,243.690002,3066300,5.49589693393812,-0.00494075961471852,3,2,0,3,2,1,2,2,3,2,17235
2017-03-13,244.820007,246.169998,3022600,5.50602234604859,0.0101768475507666,0,0,0,0,0,0,0,0,1,0,17238
2017-03-14,246.110001,258,7598400,5.55295958492162,0.0480562298253746,0,1,0,1,1,0,0,1,0,3,17239
2017-03-15,257,255.729996,5330800,5.54412218476383,-0.00879846511627902,0,1,0,2,0,1,0,1,1,1,17240
2017-03-16,262.399994,262.049988,7132200,5.56853527945539,0.0247135341917417,0,2,0,0,1,0,1,2,0,2,17241
2017-03-17,264,261.5,6497500,5.56643428350498,-0.00209879040330274,0,0,0,0,0,0,0,0,1,1,17242
2017-03-21,262.829987,250.679993,6908600,5.52417719743243,-0.0429139410587919,0,0,0,1,1,0,0,2,1,2,17246
2017-03-22,251.559998,255.009995,4059300,5.54130274046871,0.0172730258533238,0,0,0,0,0,0,0,0,0,0,17247
2017-03-24,255.699997,263.160004,5647300,5.57276222741768,0.0328911415059705,0,0,0,0,0,0,0,0,0,1,17249
2017-03-27,260.600006,270.220001,6230800,5.5992364457325,0.0268277735700293,1,3,0,2,1,1,1,2,2,6,17252
2017-03-28,277.019989,277.450012,7987600,5.62564078002295,0.0267560172202057,2,1,1,2,1,2,2,2,3,3,17253
2017-03-29,278.339996,277.380005,3676200,5.625388425254,-0.000252322930157312,0,0,0,0,0,0,0,0,0,0,17254
2017-03-30,278.040009,277.920013,4148400,5.62733334926884,0.00194681660633766,1,0,0,0,0,0,0,0,0,0,17255
2017-04-03,286.899994,298.519989,13888600,5.69883689541473,0.0726554145593425,1,2,0,0,0,0,0,0,1,1,17259
2017-04-04,296.890015,303.700012,10134600,5.71604041156438,0.0173523488907807,0,1,0,0,1,0,2,2,0,3,17260
2017-04-05,302.040009,295,7880900,5.68697535633982,-0.0286467291940706,0,0,0,0,0,0,0,0,0,0,17261
2017-04-06,296.880005,298.700012,5520600,5.69943976539615,0.0125424135593222,0,1,0,0,0,0,0,1,0,1,17262
2017-04-07,297.5,302.540009,4579600,5.71221352988219,0.0128556975083081,0,0,0,0,0,0,1,0,0,0,17263
2017-04-10,309.149994,312.390015,7664500,5.74425245522681,0.0325576971870851,0,4,0,1,1,0,2,3,1,6,17266
2017-04-11,313.380005,308.709991,5724600,5.73240229573981,-0.0117802228730006,0,0,0,0,0,0,1,0,1,0,17267
2017-04-12,306.339996,296.839996,6050700,5.69319325962666,-0.0384503104727829,0,2,0,2,0,1,0,1,2,4,17268
2017-04-13,296.700012,304,9284600,5.71702770140622,0.0241207522452602,1,1,1,0,0,1,0,2,1,2,17269
2017-04-17,302.700012,301.440002,4138700,5.70857099802282,-0.00842104605263161,1,1,0,0,2,0,1,2,1,3,17273
2017-04-18,299.700012,300.25,3035700,5.70461546096009,-0.00394772423070777,4,3,0,2,0,0,0,2,5,5,17274
2017-04-19,302.459991,305.519989,3898000,5.72201520691307,0.0175520033305578,1,0,0,1,1,0,0,1,1,2,17275
2017-04-20,306.51001,302.51001,6149400,5.71211436783249,-0.00985198713135582,0,3,0,0,3,2,1,4,3,6,17276
2017-04-21,302,305.600006,4509800,5.72227707692587,0.0102145248020056,0,0,0,0,0,0,0,0,0,2,17277
2017-04-24,309.220001,308.029999,5083500,5.73019717758122,0.00795154761875216,0,2,0,0,0,0,0,0,0,1,17280
2017-04-25,308,313.790009,6737700,5.74872400104127,0.0186995098487146,0,1,0,1,0,0,0,1,1,0,17281
2017-04-26,312.369995,310.170013,4695000,5.73712057617921,-0.0115363647540481,0,0,0,0,0,0,0,0,0,0,17282
2017-04-27,311.690002,308.630005,3468600,5.73214316462579,-0.00496504476723869,2,1,0,2,1,1,1,2,2,2,17283
2017-04-28,309.829987,314.070007,4463400,5.7496159132874,0.0176262900945097,0,2,0,0,0,0,0,2,0,1,17284
2017-05-01,314.880005,322.829987,8829600,5.77712582861154,0.0278918069371714,0,0,0,1,0,1,0,0,1,1,17287
2017-05-02,324,318.890015,5382800,5.7648462627701,-0.0122044796290873,0,2,0,2,0,0,0,0,0,1,17288
2017-05-03,317.670013,311.019989,7133400,5.73985718342569,-0.0246794368898631,2,3,0,2,0,2,0,1,3,5,17289
2017-05-04,307.440002,295.459991,14152000,5.68853343343249,-0.0500289323847928,0,3,0,1,1,1,1,1,1,4,17290
2017-05-05,298,308.350006,8177300,5.73123552089591,0.0436269389854547,1,1,1,1,0,1,1,1,2,0,17291
2017-05-08,310.899994,307.190002,7006500,5.72746645517098,-0.00376197171210702,0,2,0,0,0,0,3,2,0,2,17294
2017-05-09,309.380005,321.26001,9676500,5.77225079525706,0.0458022979536945,0,0,0,1,0,0,0,1,2,1,17295
2017-05-10,321.559998,325.220001,5741600,5.78450187947242,0.0123264361474682,0,2,0,0,0,0,0,0,0,0,17296
2017-05-11,323.399994,323.100006,4753800,5.77796189140055,-0.00651864889453713,0,1,0,0,0,0,1,0,0,0,17297
2017-05-12,325.480011,324.809998,4121600,5.78324038983347,0.00529245425021752,0,1,0,0,1,0,1,1,2,3,17298
2017-05-15,318.380005,315.880005,7622000,5.75536241045818,-0.0274929745235244,0,1,0,0,1,1,1,1,1,1,17301
2017-05-16,317.589996,317.01001,4152500,5.75893335066579,0.00357732361059071,1,1,0,0,0,0,0,0,1,0,17302
2017-05-17,314.390015,306.109985,6711900,5.72394446547815,-0.0343838511597789,1,1,0,0,2,1,1,2,1,2,17303
2017-05-18,307,313.059998,5653800,5.74639485907153,0.0227043002207197,0,0,0,0,0,0,1,0,0,0,17304
2017-05-19,315.5,310.829987,4687600,5.73924609710826,-0.00712327034513038,1,1,0,0,1,0,1,1,0,2,17305
2017-05-22,312.799988,310.350006,4329200,5.73770071219267,-0.00154419142320394,0,0,0,0,0,0,0,1,0,0,17308
2017-05-24,306.51001,310.220001,5033300,5.73728172642012,0.0209307454550163,1,2,0,1,1,1,2,2,1,2,17310
2017-05-25,311.019989,316.829987,5014000,5.75836531139502,0.0213074140245393,0,0,0,0,0,0,0,0,0,0,17311
2017-05-26,317.279999,325.140015,7802200,5.78425590494005,0.0262286662909845,0,1,0,0,2,0,1,1,1,2,17312
2017-05-31,337.690002,341.01001,9963400,5.83191183169138,0.0176365380309782,0,2,0,0,2,1,3,3,1,4,17317
2017-06-01,344,340.369995,7608000,5.83003324651563,-0.00187682173904513,0,2,0,0,1,0,1,4,0,4,17318
2017-06-05,338.5,347.320007,6784400,5.85024656534677,0.0219802879744542,1,3,0,0,2,0,1,2,0,2,17322
2017-06-06,344.700012,352.850006,11086800,5.86604305445123,0.0159219131882604,0,2,0,0,0,0,0,0,0,3,17323
2017-06-08,363.75,370,9009800,5.91350300563827,0.0287779957532823,1,1,1,3,1,2,1,1,3,2,17325
2017-06-09,374.420013,357.320007,17261400,5.87863175842392,-0.0342702513513514,0,0,0,1,1,1,1,0,1,1,17326
2017-06-12,357.98999,359.01001,10517700,5.88335027110791,0.00472966239475103,0,0,0,0,0,0,0,0,0,0,17329
2017-06-13,367.619995,375.950012,11807900,5.92945618774317,0.047185319428837,0,2,0,1,1,1,1,2,1,3,17330
2017-06-14,381.089996,380.660004,12818400,5.9419065987677,0.012528240057617,1,1,1,2,0,1,1,0,1,0,17331
2017-06-15,372.5,375.339996,10426500,5.92783227120612,-0.0139757472392609,0,0,0,0,0,0,0,0,0,0,17332
2017-06-16,377.980011,371.399994,6731000,5.91727963276352,-0.0104971546917159,0,0,0,0,0,1,0,0,1,1,17333
2017-06-19,375,369.799988,6549300,5.91296228650305,-0.00430803991881601,0,2,0,1,0,0,1,2,1,5,17336
2017-06-20,376.670013,372.23999,7438700,5.919538780672,0.00659816679063807,0,0,0,1,1,1,1,0,1,1,17337
2017-06-21,374.350006,376.399994,4923200,5.93065239177074,0.0111755966896518,0,1,0,0,1,0,1,3,0,4,17338
2017-06-22,377.98999,382.609985,7529800,5.94701615441783,0.0164983823033749,0,2,0,0,3,2,2,2,1,4,17339
2017-06-23,382.450012,383.450012,6445800,5.94920926550569,0.00219551771499127,0,0,0,0,0,0,0,2,0,2,17340
2017-06-26,386.690002,377.48999,6604100,5.93354405178122,-0.0155431524670289,1,1,0,0,1,0,0,1,0,2,17343
2017-06-27,376.399994,362.369995,6996400,5.89266577548725,-0.0400540289823313,0,0,0,0,0,0,0,0,0,0,17344
2017-06-28,366.679993,371.23999,6302500,5.91684872679044,0.0244777302822767,0,4,0,2,0,0,0,4,1,3,17345
2017-06-29,370.609985,360.75,8221000,5.88818519765398,-0.028256627202258,2,2,0,1,0,0,0,2,2,2,17346
2017-06-30,363.709991,361.609985,5848500,5.89056624152173,0.00238388080388074,0,0,0,0,0,0,0,0,0,0,17347
2017-07-03,370.23999,352.619995,6305400,5.86539097567304,-0.0248610115121682,1,3,0,1,0,0,0,1,3,7,17350
2017-07-05,347.200012,327.089996,17046700,5.79023535015735,-0.0724008829958722,0,2,0,1,1,1,1,2,1,5,17352
2017-07-06,317.26001,308.829987,19324500,5.73279092159655,-0.0558256419435096,1,2,1,4,1,1,0,2,3,3,17353
2017-07-07,313.5,313.220001,14176900,5.74690582223093,0.0142149861891487,1,1,0,0,1,0,0,2,1,3,17354
2017-07-11,316,327.220001,11559400,5.79063273061098,0.0353425515713042,0,1,0,1,0,0,0,0,1,1,17358
2017-07-17,325.540009,319.570007,9876900,5.76697636405657,-0.0250472634847986,2,3,0,1,0,0,0,1,1,1,17364
2017-07-18,317.5,328.23999,6373700,5.79374501766842,0.0271301524238474,0,1,0,2,1,2,2,1,2,1,17365
2017-07-19,328.230011,325.26001,6357000,5.78462489324494,-0.00907866223125331,0,1,0,0,0,0,0,1,3,1,17366
2017-07-20,326.899994,329.920013,5166200,5.79885024023209,0.0143270087214225,0,0,0,0,0,0,0,1,1,4,17367
2017-07-21,329.459991,328.399994,4901600,5.79423235930787,-0.00460723490575277,0,2,0,0,2,0,1,1,0,2,17368
2017-07-24,330.23999,342.519989,8637100,5.83633001804308,0.0429963314798356,1,4,1,1,3,1,1,2,2,3,17371
2017-07-25,345,339.600006,6989200,5.82776847210504,-0.00852500027377967,3,1,0,1,0,1,0,0,4,1,17372
2017-07-26,340.359985,343.850006,4820800,5.84020553321531,0.012514722982661,4,1,0,2,0,3,0,1,5,3,17373
2017-07-27,346,334.459991,8302400,5.81251726404393,-0.0273084625160658,0,0,0,0,0,0,0,0,0,1,17374
2017-07-28,336.890015,335.070007,4880400,5.814339486112,0.00182388332361105,1,0,0,1,0,0,0,0,3,3,17375
2017-07-31,335.5,323.470001,8535100,5.77910637702897,-0.0346196489022067,1,4,2,2,2,1,1,4,3,4,17378
2017-08-01,323,319.570007,8303100,5.76697636405657,-0.0120567409278861,2,2,0,0,3,1,2,2,1,8,17379
2017-08-02,318.940002,325.890015,13091500,5.78655994714157,0.0197765993727941,3,1,2,3,0,3,1,1,4,2,17380
2017-08-03,345.329987,347.089996,13535000,5.84958410078716,0.0650525638227977,2,2,2,4,1,3,5,2,7,7,17381
2017-08-04,347,356.910004,9268900,5.87748366036385,0.0282923971107483,0,0,0,0,0,0,0,0,0,1,17382
2017-08-07,357.350006,355.170013,6324500,5.87259658469384,-0.00487515334537958,0,1,0,0,0,0,0,1,0,1,17385
2017-08-08,357.529999,365.220001,7449800,5.90049991447196,0.0282962739875228,1,2,0,0,0,1,0,2,2,3,17386
2017-08-09,361,363.529999,6892100,5.89586182176638,-0.00462735336337738,0,0,0,0,1,0,1,0,0,1,17387
2017-08-10,361.600006,355.399994,7092900,5.87324389883816,-0.0223640552976757,0,1,0,0,1,0,0,1,0,2,17388
2017-08-11,356.970001,357.869995,4365800,5.88016977799041,0.00694991851913196,1,1,0,2,0,2,1,1,3,0,17389
2017-08-14,364.630005,363.799988,4502700,5.89660423309886,0.0165702436159811,0,2,1,2,1,0,1,3,3,3,17392
2017-08-15,365.200012,362.329987,3085100,5.89255536289987,-0.00404068457528362,0,3,0,1,2,1,1,2,3,2,17393
2017-08-16,363,362.910004,3413800,5.89415488066188,0.00160079767286825,0,0,0,0,1,0,1,0,0,1,17394
2017-08-21,345.820007,337.859985,6495400,5.82263156409749,-0.0276290975901166,1,1,1,1,0,1,0,0,4,1,17399
2017-08-22,341.130005,341.350006,4322000,5.83290836144156,0.0103297849847475,0,0,0,0,0,0,0,0,0,1,17400
2017-08-23,338.98999,352.769989,4954500,5.86581625532164,0.0334553472953505,0,0,0,0,0,0,0,0,0,1,17401
2017-08-24,352.519989,352.929993,4584700,5.86626971715195,0.000453564659662842,0,1,0,0,2,0,1,3,2,3,17402
2017-08-25,354.23999,348.049988,3484000,5.85234611313687,-0.0138271189663386,0,1,0,1,2,1,0,1,0,3,17403
2017-08-28,347.279999,345.660004,3764000,5.84545564454441,-0.00686678374486815,0,1,0,1,0,0,0,0,1,1,17406
2017-08-29,339.480011,347.359985,4073700,5.85036166294712,0.00491807261565613,0,0,0,1,1,0,0,1,0,2,17407
2017-09-05,353.799988,349.589996,3835100,5.85676102781131,-0.0163477718010316,0,0,0,0,0,0,0,0,0,1,17414
2017-09-06,349.5,344.529999,4091400,5.84218116648832,-0.0144740898134854,1,0,0,2,1,0,0,1,1,1,17415
2017-09-07,345.980011,350.609985,4239200,5.8596744518306,0.0176471889752625,2,1,0,4,2,1,0,2,4,2,17416
2017-09-11,351.350006,363.690002,7667100,5.89630186192579,0.0590856387726086,1,1,1,1,0,1,1,1,2,1,17420
2017-09-12,364.48999,362.75,5972900,5.8937138917643,-0.00258462425370709,0,1,0,2,0,1,1,3,2,3,17421
2017-09-13,363.820007,366.230011,4185200,5.90326158136747,0.00959341419710547,0,0,0,0,0,0,0,2,1,1,17422
2017-09-14,364.329987,377.640015,7202500,5.93394140058468,0.0311552949165601,0,0,0,0,2,0,1,2,0,3,17423
2017-09-18,380.25,385,7188000,5.95324333428778,0.0136647324381387,1,1,1,0,0,1,0,0,1,1,17427
2017-09-19,380,375.100006,6451900,5.92719267308358,-0.0257142701298702,1,1,1,1,0,1,1,0,1,1,17428
2017-09-20,373,373.910004,4919100,5.9240151374422,-0.00317249261787533,0,3,0,0,0,1,0,1,2,6,17429
2017-09-21,374.899994,366.480011,4618200,5.90394397959377,-0.0198710730403459,0,0,0,0,1,1,0,1,1,2,17430
2017-09-25,353.149994,344.98999,7605900,5.84351540211768,-0.0173744796761455,0,0,0,1,0,0,0,1,1,1,17434
2017-09-26,350.929993,345.25,7156300,5.8442687922894,0.000753674041383157,0,1,0,1,0,0,0,0,0,3,17435
2017-09-27,349.899994,340.970001,6060300,5.83179449980657,-0.0123968110065169,1,2,0,2,1,0,1,2,1,2,17436
2017-09-28,339.880005,339.600006,5319600,5.82776847210504,-0.00401793411731843,0,0,0,0,0,0,0,0,0,0,17437
2017-09-29,341.859985,341.100006,5107100,5.83217570701475,0.00441696105270384,2,3,2,2,1,1,1,2,3,2,17438
2017-10-02,342.519989,341.529999,5286800,5.83343551995506,0.0012606068379839,0,1,0,0,0,0,0,0,0,1,17441
2017-10-03,335.899994,348.140015,10153600,5.85260474081068,0.0193541300013298,0,1,0,1,0,0,0,0,1,2,17442
2017-10-04,351.25,355.01001,8163500,5.87214598626098,0.0197334253576109,1,2,0,0,0,0,2,2,1,2,17443
2017-10-06,353.100006,356.880005,4297500,5.87739960483032,0.00436219305070917,0,0,0,1,0,0,0,0,2,2,17445
2017-10-09,349.649994,342.940002,7493700,5.83755551058263,-0.0390607565699849,0,0,0,0,0,0,0,0,1,3,17448
2017-10-10,346.799988,355.589996,6978500,5.87377837051061,0.0368869012836828,0,1,0,0,1,0,0,1,0,1,17449
2017-10-11,353.890015,354.600006,4500800,5.87099041056058,-0.00278407719884222,2,2,1,2,1,1,1,2,2,3,17450
2017-10-12,352.950012,355.679993,4087000,5.87403143053527,0.00304564856662748,0,0,0,0,1,0,0,0,0,2,17451
2017-10-13,356.980011,355.570007,3540500,5.87372215531313,-0.000309227401497525,1,1,1,2,0,2,0,1,2,1,17452
2017-10-16,353.76001,350.600006,5375500,5.85964598960065,-0.013977559698954,1,0,0,0,0,1,0,0,1,0,17455
2017-10-17,350.910004,355.75,3293300,5.87422823696996,0.0146890870275684,1,1,1,3,1,3,2,3,6,4,17456
2017-10-18,355.970001,359.649994,4939100,5.88513131963048,0.0109627378777231,0,0,0,0,0,0,0,0,0,0,17457
2017-10-19,355.559998,351.809998,5061800,5.8630912514562,-0.0217989604637668,0,1,0,0,0,0,0,2,1,2,17458
2017-10-20,352.690002,345.100006,4930400,5.84383424749022,-0.0190727723434397,0,1,0,0,0,0,0,1,1,1,17459
2017-10-23,349.880005,337.019989,5747300,5.82014224313338,-0.023413552186377,1,0,0,1,1,1,0,1,2,2,17462
2017-10-24,338.799988,337.339996,4491700,5.8210913119724,0.000949519347352323,0,0,0,1,0,0,0,0,1,1,17463
2017-10-25,336.700012,325.839996,8594100,5.78640645106419,-0.0340902357750665,0,2,0,0,2,0,1,2,1,2,17464
2017-10-26,327.779999,326.170013,5023500,5.78741875769638,0.00101281918748852,1,0,0,0,0,0,0,0,1,0,17465
2017-10-27,319.75,320.869995,6979700,5.77103604109537,-0.0162492497432618,2,0,0,2,0,1,0,0,1,0,17466
2017-10-30,319.179993,320.079987,4254400,5.76857092393413,-0.00246208125505787,0,0,0,0,0,0,0,0,1,1,17469
2017-10-31,320.230011,331.529999,5672300,5.80371830025248,0.0357723458667847,0,1,0,0,0,1,0,0,1,0,17470
2017-11-01,332.25,321.079987,8457300,5.77169027277502,-0.0315205623368037,1,1,0,1,0,2,0,0,2,2,17471
2017-11-02,300.130005,299.26001,19791400,5.70131279417103,-0.0679580723914754,2,2,1,1,0,1,0,1,2,2,17472
2017-11-06,307,302.779999,6486000,5.713006465881,-0.0108138032711138,1,0,0,0,0,0,0,0,1,0,17476
2017-11-07,301.019989,306.049988,5294300,5.7237484480878,0.0107998844401873,0,0,0,0,0,0,0,0,0,0,17477
2017-11-08,305.5,304.390015,4725300,5.71830982321562,-0.00542386232669934,0,0,0,0,0,0,0,0,1,0,17478
2017-11-10,302.5,302.98999,4625400,5.71369976866003,0,1,3,0,1,3,0,3,3,1,6,17480
2017-11-13,300.130005,315.399994,7584900,5.75384165550548,0.0409584620270789,0,0,0,0,0,1,1,1,1,0,17483
2017-11-14,315,308.700012,5676100,5.7323699703808,-0.0212428095353736,2,2,2,4,2,2,2,2,4,4,17484
2017-11-15,306.01001,311.299988,5978700,5.74075703889954,0.00842233851289897,0,2,0,1,3,1,0,2,1,3,17485
2017-11-16,313.98999,312.5,5822100,5.74460446917646,0.00385484113799595,0,1,0,2,5,0,3,6,0,8,17486
2017-11-17,325.670013,315.049988,13735100,5.75273131829887,0.00815996159999988,0,1,0,0,3,0,4,1,1,5,17487
2017-11-20,313.790009,308.73999,8247700,5.73249946636398,-0.0200285613088168,2,0,0,3,1,1,1,0,3,3,17490
2017-11-21,310.859985,317.809998,7261300,5.76145371364552,0.0293774965789175,0,0,0,1,1,0,2,0,2,2,17491
2017-11-22,316.769989,312.600006,4917600,5.74492443718123,-0.0163934175538429,0,0,0,0,0,0,0,1,1,0,17492
2017-11-24,313.790009,315.549988,3244100,5.75431711000141,0.00943692240364191,0,1,0,0,1,0,1,0,0,1,17494
2017-11-27,313.25,316.809998,4555900,5.75830221878572,0.00399305988881871,0,0,0,0,1,0,1,0,0,1,17497
2017-11-28,316.359985,317.549988,4949500,5.76063524845966,0.00233575330536118,0,3,0,1,2,0,3,1,0,5,17498
2017-11-29,317.299988,307.540009,8767400,5.72860518935203,-0.0315225299268472,0,0,0,0,1,0,0,0,0,1,17499
2017-11-30,308.559998,308.850006,4351600,5.73285574156881,0.00425959862672709,1,3,0,0,0,0,1,1,1,1,17500
2017-12-01,305.440002,306.529999,4292900,5.7253156266063,-0.00751175960799566,0,0,0,0,0,1,0,0,1,0,17501
2017-12-04,306.5,305.200012,5835100,5.72096733872878,-0.00433884776152027,0,1,0,0,0,0,0,0,1,1,17504
2017-12-05,302,303.700012,4646500,5.71604041156438,-0.00491480976743863,0,0,0,1,0,1,0,0,1,0,17505
2017-12-06,300.100006,313.26001,7195300,5.74703354857288,0.0314784248345701,0,1,0,0,1,0,0,1,0,1,17506
2017-12-07,312,311.23999,4780600,5.74056428661918,-0.00644838133025671,0,0,0,0,0,0,0,0,0,0,17507
2017-12-08,314.600006,315.130005,3468500,5.75298526796823,0.0124984421185723,0,2,0,0,2,0,0,2,0,2,17508
2017-12-11,314.630005,328.910004,7938000,5.79578416927242,0.0437279814088158,0,0,0,0,0,0,0,0,1,0,17511
2017-12-12,330.450012,341.029999,8733200,5.8319704470211,0.0368489703949533,0,0,1,0,1,0,1,1,2,2,17512
2017-12-13,340.929993,339.029999,6221500,5.82608859609058,-0.00586458671044954,0,1,0,0,0,0,0,0,0,0,17513
2017-12-14,341.01001,337.890015,5799900,5.82272044312086,-0.00336248710545517,0,2,0,0,0,0,0,1,0,1,17514
2017-12-15,342.040009,343.450012,6933200,5.83904157559947,0.0164550497297176,1,3,0,0,1,0,1,1,1,2,17515
2017-12-18,344.899994,338.869995,5476200,5.825616538252,-0.0133353234531259,0,2,0,0,1,0,1,1,0,3,17518
2017-12-19,340.26001,331.100006,6825000,5.80242046267461,-0.0229291147479729,0,0,0,0,1,0,3,0,0,1,17519
2017-12-20,332.690002,328.980011,5953800,5.79599699208069,-0.00640288420894808,0,0,0,0,0,0,0,2,2,2,17520
2017-12-21,329.589996,331.660004,4385200,5.8041103598465,0.00814637032764898,1,1,1,1,0,1,0,0,1,3,17521
2017-12-26,323.829987,317.290009,4378400,5.75981621054219,-0.0243235015624784,1,0,1,1,0,1,0,1,1,1,17526
2017-12-27,316,311.640015,4712100,5.74184872359512,-0.0178070340689486,0,3,0,0,0,0,1,3,0,3,17527
2017-12-28,311.75,315.359985,4316300,5.75371479583972,0.0119367533723165,1,0,0,1,0,0,0,0,0,0,17528
2018-01-02,312,320.529999,4352200,5.76997587260448,0.0294844799200036,1,3,0,1,1,0,0,2,0,5,17533
2018-01-03,321,317.25,4521500,5.7596901065945,-0.0102330484205317,0,0,0,0,0,0,0,0,0,2,17534
2018-01-04,312.869995,314.619995,9946300,5.75136554550217,-0.00829000788022061,2,4,0,2,2,2,0,2,2,6,17535
2018-01-05,316.619995,316.579987,4591200,5.75757593319372,0.00622971213256807,2,3,1,1,1,0,0,1,0,2,17536
2018-01-08,316,336.410004,9859400,5.81833066606327,0.0626382519877986,4,0,1,4,0,1,0,2,4,1,17539
2018-01-10,332.200012,334.799988,4309900,5.81353330277303,0.00332639873339691,0,1,0,0,0,0,0,0,0,0,17541
2018-01-11,335.23999,337.950012,6645500,5.82289799105457,0.00940867417235403,1,3,0,0,3,0,1,6,0,6,17542
2018-01-12,338.630005,336.220001,4825100,5.81776571057916,-0.00511913282607013,0,2,0,0,4,1,1,3,2,5,17543
2018-01-16,337.540009,340.059998,6474300,5.82912206674802,0.0114210843750489,0,0,0,0,1,0,1,2,0,3,17547
2018-01-17,340.470001,347.160004,7083700,5.84978578029811,0.0208786862370094,0,0,0,0,1,0,0,1,0,2,17548
2018-01-18,345.670013,344.570007,5685800,5.84229728316136,-0.00746052820070842,0,0,0,0,0,0,0,0,0,2,17549
2018-01-19,345,350.019989,4888300,5.85799026428124,0.0158167626005825,0,0,0,0,0,0,0,0,2,0,17550
2018-01-23,360,352.790009,5465400,5.86587300457064,0.00349872285526631,0,2,0,1,2,1,2,3,2,5,17554
2018-01-25,348.269989,337.640015,6740300,5.82198028354153,-0.0238515124525928,1,3,0,0,0,0,2,6,3,8,17556
2018-01-26,341.5,342.850006,4539400,5.83729305123074,0.0154306088394174,1,0,1,2,1,1,1,0,1,2,17557
2018-01-29,339.850006,349.529999,4747100,5.85658939203897,0.0194837184865033,0,0,0,0,1,0,0,1,1,2,17560
2018-01-30,345.140015,345.820007,4717700,5.84591842871839,-0.0106142305685184,0,2,0,0,0,0,0,0,3,0,17561
2018-02-01,351,349.25,4197700,5.85578799813707,-0.0142812735417079,1,0,1,1,0,1,1,0,4,0,17563
2018-02-02,348.440002,343.75,3704800,5.83991464898078,-0.015748031496063,0,0,0,1,0,1,0,2,1,0,17564
2018-02-05,337.970001,333.130005,4464100,5.80853281919749,-0.030894530909091,6,7,3,3,3,0,0,3,1,6,17567
2018-02-06,325.209991,333.970001,5088400,5.81105117157761,0.00252152609309397,4,7,0,0,2,0,1,1,0,6,17568
2018-02-07,338.98999,345,6969200,5.84354441703136,0.0330269154923288,2,9,0,1,9,3,3,8,4,22,17569
2018-02-08,343.309998,315.230011,10314600,5.75330256601475,-0.0862898231884058,6,8,0,4,4,3,2,7,6,15,17570
2018-02-09,319.929993,310.420013,12933700,5.73792626110178,-0.0152586931197994,0,0,0,0,1,0,1,1,0,1,17571
2018-02-12,316.130005,315.730011,6227800,5.75488745281336,0.0171058494221505,7,10,0,7,4,0,4,2,5,6,17574
2018-02-14,320.839996,322.309998,3950700,5.77551380912834,-0.00417106217424379,4,2,0,2,0,0,0,0,2,4,17576
2018-02-15,324.5,334.070007,5912900,5.81135057280972,0.0364866404175275,0,0,0,0,0,0,0,0,0,0,17577
2018-02-21,336.029999,333.299988,3219600,5.80904294931009,-0.00439107760044766,0,4,0,2,4,0,4,7,2,5,17583
2018-02-22,335.529999,346.170013,6969800,5.84693002142849,0.0386139377838801,1,1,0,2,0,1,1,0,1,2,17584
2018-02-23,347.829987,352.049988,5817400,5.86377317687907,0.0169858011358135,0,1,0,1,0,0,1,0,0,1,17585
2018-02-26,353.5,357.420013,4340000,5.87891159724043,0.0152535866582675,0,0,0,0,0,0,0,0,0,0,17588
2018-02-28,352.570007,343.059998,6069700,5.8379053531518,-0.0225932141255651,0,3,0,0,3,1,0,2,1,5,17590
2018-03-01,345.01001,330.929993,6885600,5.80190685149689,-0.0353582611517417,2,1,0,3,0,0,0,2,2,7,17591
2018-03-02,326.980011,335.119995,5092800,5.81448866171875,0.0126612941970479,0,2,0,0,0,0,0,0,0,0,17592
2018-03-05,332.390015,333.350006,3823800,5.80919300706317,-0.0052816573955845,0,0,0,0,1,0,1,2,0,1,17595
2018-03-06,333.75,328.200012,4285700,5.79362321521906,-0.0154492092614511,0,0,0,0,0,0,0,0,0,0,17596
2018-03-07,325.440002,332.299988,5007300,5.8060381392486,0.0124923091105797,1,0,0,1,1,0,1,1,1,2,17597
2018-03-08,332.859985,329.100006,3566200,5.79636167418083,-0.00962979872271308,2,0,0,0,1,0,5,8,0,6,17598
2018-03-09,324.100006,327.170013,5506800,5.79047995321821,-0.00586445750475018,2,1,0,1,0,0,1,1,1,1,17599
2018-03-12,328.609985,345.51001,8264000,5.84502161529165,0.0560564729995596,0,1,0,0,0,0,0,1,0,3,17602
2018-03-13,328.609985,341.839996,5965800,5.83434277963439,-0.0106220193157357,0,2,0,1,0,0,0,1,2,0,17603
2018-03-14,336.76001,326.630005,7967400,5.78882804710646,-0.0444944745435815,1,2,1,3,2,2,2,2,2,2,17604
2018-03-15,329.380005,325.600006,6564800,5.7856696525559,-0.00315341206941466,0,0,0,0,0,0,0,0,0,0,17605
2018-03-16,322.929993,321.350006,6117300,5.77253089048853,-0.0130528253122943,0,3,0,0,2,0,1,2,0,2,17606
2018-03-19,316.5,313.559998,7484300,5.74799072294216,-0.0242415056933281,0,1,0,0,0,0,0,1,0,3,17609
2018-03-20,314.869995,310.549988,4764300,5.73834488036419,-0.0095994706569682,3,3,0,2,2,1,1,2,1,4,17610
2018-03-21,310.25,316.529999,5958400,5.75741802066285,0.0192561945937026,0,2,0,0,2,0,0,2,0,3,17611
2018-03-23,311.25,301.540009,6654900,5.70890270719756,-0.024458093993049,0,0,0,0,0,0,0,1,0,0,17613
2018-03-26,307.339996,304.179993,8375200,5.71761960843153,0.00875500404989382,0,1,0,1,1,0,1,2,3,3,17616
2018-03-27,304,279.179993,13872000,5.63185671001118,-0.08218817994384,9,7,1,10,1,9,3,9,16,21,17617
2018-03-28,264.579987,257.779999,21001400,5.55210650409736,-0.0766530358069034,2,4,0,3,1,2,1,2,7,3,17618
2018-03-29,256.48999,266.130005,15170700,5.58398492998842,0.0323919855395765,0,2,0,1,0,1,1,1,1,4,17619
2018-04-02,256.26001,252.479996,16114000,5.53133202181467,-0.0512907554336084,7,8,3,12,0,14,5,4,17,22,17623
2018-04-03,269.820007,267.529999,18844400,5.58923170584258,0.0596086947022922,3,3,4,3,0,5,1,0,11,6,17624
2018-04-04,252.779999,286.940002,19896700,5.65927314164034,0.0725526224070296,2,2,1,7,0,2,1,4,9,1,17625
2018-04-05,289.339996,305.720001,19121100,5.72266965364565,0.0654492188928055,0,2,0,3,1,1,0,1,2,6,17626
2018-04-06,301,299.299988,13520300,5.7014463747651,-0.0209996499378529,1,5,1,7,3,1,0,3,7,7,17627
2018-04-09,300.369995,289.660004,10249800,5.668707835182,-0.0322084343017079,1,0,0,2,0,0,0,0,2,0,17630
2018-04-10,298.970001,304.700012,10989800,5.71932772537466,0.0519229710429749,1,3,0,4,1,4,1,3,7,4,17631
2018-04-11,300.73999,300.929993,7482900,5.70687765630228,-0.0123728875993612,0,4,0,1,1,1,2,2,3,3,17632
2018-04-12,302.320007,294.079987,7608800,5.68385179496166,-0.0227627892178897,3,1,3,5,0,7,4,3,8,0,17633
2018-04-13,303.600006,300.339996,7327200,5.7049151529339,0.021286756245674,1,1,0,2,1,1,0,2,2,3,17634
2018-04-16,299,291.209991,6338500,5.67404462548671,-0.0303988983205553,0,3,0,3,0,0,0,0,5,6,17637
2018-04-17,288.869995,287.690002,7000000,5.66188351847642,-0.0120874595954368,0,1,0,0,0,2,0,2,4,4,17638
2018-04-18,291.079987,293.350006,6557700,5.68136645582525,0.0196739683709968,3,5,3,2,0,2,0,2,8,12,17639
2018-04-19,291.079987,300.079987,6090600,5.70404906245185,0.0229418130640844,0,0,0,0,0,0,0,0,0,1,17640
2018-04-20,295.170013,290.23999,5627900,5.67070813247253,-0.0327912470883973,1,3,0,1,1,2,1,1,4,3,17641
2018-04-23,291.290009,283.369995,4893400,5.6467534465632,-0.0236700497405611,2,2,2,2,5,2,0,4,3,6,17644
2018-04-24,285,283.459991,5685300,5.64707098798825,0.000317591846659582,0,3,1,0,3,0,2,1,2,5,17645
2018-04-25,283.5,280.690002,4013600,5.63725086463588,-0.009772063387951,0,3,1,0,3,0,2,3,2,7,17646
2018-04-26,278.75,285.480011,4356000,5.65417201263446,0.0170651215428756,4,2,1,4,1,4,0,1,5,1,17647
2018-04-27,285.369995,294.079987,4364600,5.68385179496166,0.0301246170261638,2,2,1,2,4,2,1,4,2,8,17648
2018-04-30,293.609985,293.899994,4228200,5.68323955300976,-0.000612054570037879,2,4,1,3,1,3,0,1,4,2,17651
2018-05-01,293.51001,299.920013,4625600,5.70351581577255,0.0204832226025837,1,2,2,1,1,1,0,1,5,3,17652
2018-05-02,298.570007,301.149994,8970400,5.7076084595661,0.00410103009698126,8,12,0,7,7,2,4,11,8,16,17653
2018-05-03,278.790009,284.450012,17352100,5.65055753338333,-0.0554540339788284,7,9,1,4,7,3,10,11,15,22,17654
2018-05-04,283,294.089996,8569400,5.68388582934047,0.0338899054080546,1,1,0,1,2,0,3,3,3,6,17655
2018-05-07,297.5,302.769989,8678200,5.71297340502658,0.0295147509879936,0,2,0,0,3,0,0,3,0,6,17658
2018-05-08,300.799988,301.970001,5930000,5.71032767800379,-0.00264223017163034,0,2,0,0,1,0,1,3,0,2,17659
2018-05-09,300.410004,306.850006,5727400,5.72635904838863,0.0161605622539969,1,5,0,5,2,3,1,7,2,11,17660
2018-05-10,307.5,305.019989,5651600,5.72037731216483,-0.00596388125864988,2,2,0,5,2,4,2,4,4,6,17661
2018-05-11,307.700012,301.059998,4679600,5.70730957378916,-0.0129827261911022,2,6,1,1,5,0,2,8,3,16,17662
2018-05-14,303.320007,291.970001,7286800,5.67665106068918,-0.0301933071825768,7,13,1,5,11,5,4,16,6,26,17665
2018-05-15,285.01001,284.179993,9519200,5.64960781557765,-0.0266808506809575,3,12,0,1,6,3,4,8,3,29,17666
2018-05-16,283.829987,286.480011,5674000,5.65766876408727,0.00809352542984954,1,3,1,3,2,3,2,4,5,9,17667
2018-05-17,285.899994,284.540009,4420600,5.65087387285302,-0.00677185815941617,2,0,1,4,0,4,2,1,5,2,17668
2018-05-18,284.649994,276.820007,7251900,5.62336750075575,-0.0271315166789076,0,0,0,0,1,0,1,0,3,1,17669
2018-05-21,281.329987,284.48999,9182600,5.65069806841312,0.0277074734702973,0,2,0,1,1,1,0,4,2,12,17672
2018-05-22,287.76001,275.01001,8945800,5.61680749700411,-0.0333227190172841,3,5,0,1,2,1,2,7,2,13,17673
2018-05-23,277.76001,279.070007,5953100,5.63146267149287,0.0147630880781393,3,1,2,0,1,1,0,2,4,7,17674
2018-05-24,278.399994,277.850006,4193000,5.62708142132032,-0.00437166649728848,3,2,0,1,1,1,2,3,4,3,17675
2018-05-25,277.630005,278.850006,3875100,5.63067402435251,0.0035990641655772,4,3,0,1,0,1,0,4,4,7,17676
2018-05-29,278.51001,283.76001,5651100,5.64812884570641,0.0176080469584068,1,0,0,1,0,0,0,1,2,1,17680
2018-05-30,283.290009,291.720001,7489700,5.67579444154398,0.0280518421182745,2,2,0,3,1,2,1,2,3,5,17681
2018-05-31,287.209991,284.730011,5919700,5.6515414014436,-0.0239612984232782,1,0,0,1,0,1,0,0,1,0,17682
2018-06-01,285.859985,291.820007,5411400,5.67613719782327,0.0249007681877271,4,3,2,2,2,2,4,3,4,4,17683
2018-06-04,294.339996,296.73999,4767300,5.69285630082311,0.0168596493796944,1,1,0,1,0,0,0,0,2,2,17686
2018-06-05,297.700012,291.130005,5995200,5.67376991998459,-0.0189053891927408,4,6,2,5,3,0,3,3,3,6,17687
2018-06-06,300.5,319.5,18767300,5.76675727381759,0.0974478566714552,1,3,1,1,1,1,2,2,2,6,17688
2018-06-07,316.149994,316.089996,14345300,5.75602697050817,-0.0106729389671362,0,2,0,0,1,0,1,0,1,2,17689
2018-06-08,319,317.660004,8205200,5.76098164099909,0.00496696516773043,0,3,0,1,2,1,1,2,1,4,17690
2018-06-11,322.51001,332.100006,13183500,5.80543614644955,0.0454574130144505,0,2,0,0,2,0,0,3,1,3,17693
2018-06-12,344.700012,342.769989,22347400,5.83705963621675,0.0321288250744567,0,4,0,1,1,0,0,3,0,8,17694
2018-06-13,346.709991,344.779999,9469800,5.84290652956643,0.00586401979316786,0,3,1,1,1,0,0,0,3,6,17695
2018-06-14,347.630005,357.720001,10981000,5.87975056027346,0.0375311852123998,2,4,1,1,1,0,2,2,4,4,17696
2018-06-15,353.839996,358.170013,10848300,5.88100777032102,0.00125800066739901,2,2,1,2,3,0,3,2,4,6,17697
2018-06-18,355.399994,370.829987,12073200,5.91574370151135,0.0353462700407587,3,3,0,2,3,1,1,3,2,4,17700
2018-06-19,365.160004,352.549988,12761900,5.86519242212732,-0.049294824153474,1,0,0,1,0,3,0,1,1,1,17701
2018-06-20,358.040009,362.220001,8383700,5.89225176479714,0.0274287713207921,0,0,2,0,0,2,0,3,2,2,17702
2018-06-21,362,347.51001,7967100,5.85079347034536,-0.040610653634226,2,0,2,2,0,3,0,1,4,0,17703
2018-06-22,351.540009,333.630005,10266100,5.81003260948552,-0.0399413098920518,1,9,0,2,4,1,2,12,5,6,17704
2018-06-25,330.119995,333.01001,6931300,5.80817254958871,-0.00185833105748379,1,0,0,1,0,1,0,1,1,0,17707
2018-06-26,336.049988,342,7452500,5.8348107370626,0.0269961554609124,1,1,0,1,1,2,1,3,2,11,17708
2018-06-27,345,344.5,8333700,5.84209409045371,0.00730994152046782,0,2,0,0,0,0,0,1,0,4,17709
2018-06-28,348.660004,349.929993,8398000,5.85773311447679,0.0157619535558782,2,3,1,0,4,1,2,3,1,10,17710
2018-06-29,353.329987,342.950012,6492400,5.83758469893585,-0.0199467926146016,1,6,1,2,6,1,4,3,3,12,17711
2018-07-02,360.070007,335.070007,18759800,5.814339486112,-0.0229771241413458,1,5,0,0,2,2,1,2,2,14,17714
2018-07-03,331.75,310.859985,12282600,5.73934260180152,-0.0722536231062901,2,5,1,1,2,2,0,1,5,7,17715
2018-07-05,313.76001,309.160004,17476400,5.73385895517695,-0.00546863887933335,2,1,3,1,2,1,2,2,3,5,17717
2018-07-06,304.950012,308.899994,8865500,5.73301758050077,-0.000841020819756566,1,5,0,2,5,1,3,13,1,10,17718
2018-07-09,311.98999,318.51001,7596800,5.76365390308978,0.0311104441135082,1,2,0,0,1,0,0,1,0,1,17721
2018-07-10,324.559998,322.470001,9471500,5.77601011175415,0.0124328620001612,0,6,0,0,4,0,4,7,2,8,17722
2018-07-11,315.799988,318.959991,4884100,5.76506567485639,-0.0108847644404604,0,4,2,1,2,2,2,4,2,8,17723
2018-07-12,321.429993,316.709991,5721200,5.75798650025255,-0.00705417627128035,2,7,4,2,2,2,2,4,11,11,17724
2018-07-13,315.579987,318.869995,5869800,5.76478348053323,0.00682013217574817,0,3,0,2,2,2,0,3,2,2,17725
2018-07-16,311.709991,310.100006,7818700,5.736894845455,-0.0275033372142776,0,3,0,0,2,1,1,8,5,11,17728
2018-07-17,308.809998,322.690002,6996200,5.77669211624142,0.0405997928294137,1,0,0,0,0,1,0,0,1,0,17729
2018-07-18,325,323.850006,5624200,5.78028046415602,0.0035947937426335,1,1,0,0,0,0,0,0,1,4,17730
2018-07-19,316.329987,320.230011,5915300,5.769039521967,-0.0111779988665494,4,2,0,2,0,2,0,1,6,3,17731
2018-07-20,321.230011,313.579987,5162200,5.74805446947558,-0.0207663984372782,1,4,0,3,1,1,0,1,4,6,17732
2018-07-23,301.839996,303.200012,10992900,5.71439269334605,-0.0331015225152108,2,0,2,2,3,1,4,0,4,5,17735
2018-07-24,304.420013,297.429993,9590800,5.69517887964708,-0.0190304049196409,0,0,1,1,0,2,0,1,2,1,17736
2018-07-25,296.73999,308.73999,7075400,5.73249946636398,0.0380257447674417,5,0,1,4,1,1,1,4,2,7,17737
2018-07-27,307.25,297.179993,5703300,5.69433799227345,-0.0308821170236186,1,0,0,1,0,1,0,1,1,0,17739
2018-07-30,295.899994,290.170013,6814100,5.67046700292625,-0.0235883308604831,1,2,0,0,1,2,1,2,3,2,17742
2018-07-31,292.25,298.140015,5076900,5.69756322515422,0.0274666631386202,0,6,0,3,1,0,4,1,3,5,17743
2018-08-01,297.98999,300.839996,10129400,5.7065785486621,0.00905608393425483,3,5,1,3,1,3,1,1,7,10,17744
2018-08-02,328.440002,349.540009,23215000,5.85661803008634,0.161880114504456,3,9,4,2,2,4,2,4,7,15,17745
2018-08-07,343.839996,379.570007,30875800,5.93903905149613,0.109886306906234,2,6,1,1,2,1,2,15,4,13,17750
2018-08-08,369.089996,370.339996,24571200,5.91442149180878,-0.0243170188101822,7,17,5,6,5,5,5,9,10,24,17751
2018-08-09,365.549988,352.450012,17103700,5.86490880226727,-0.0483069184890308,2,6,0,2,3,1,2,8,1,11,17752
2018-08-10,354,355.48999,11552000,5.87349709132225,0.00862527421335413,0,2,1,1,1,2,3,2,2,8,17753
2018-08-13,361.130005,356.410004,10450200,5.87608176478745,0.00258801661335117,1,5,0,1,0,1,0,4,4,10,17756
2018-08-14,358.450012,347.640015,6986400,5.85116750471734,-0.0246064613831659,0,3,1,1,0,2,1,1,4,5,17757
2018-08-15,341.910004,338.690002,9101300,5.82508524063988,-0.0257450598717758,2,8,1,2,3,2,2,4,8,6,17758
2018-08-16,339.910004,335.450012,6064000,5.81547294978174,-0.00956624045843546,5,8,2,4,5,2,3,8,8,14,17759
2018-08-17,323.5,305.5,18958600,5.72194977861165,-0.0892830851948219,1,2,0,1,0,5,1,3,4,4,17760
2018-08-20,291.700012,308.440002,17402300,5.731527341449,0.00962357446808504,0,8,0,7,3,5,1,9,8,11,17763
2018-08-21,310.609985,321.899994,13172200,5.77424091966543,0.0436389311137406,0,3,1,0,0,1,1,1,1,1,17764
2018-08-23,319.140015,320.100006,5147300,5.76863346571996,-0.00478798945460812,1,1,1,0,1,0,1,2,0,2,17766
2018-08-24,320.700012,322.820007,3602600,5.77709491402904,0.00849734754456688,1,1,1,4,1,1,2,1,4,2,17767
2018-08-27,318,319.269989,13079300,5.76603710532532,-0.0109968958646357,5,8,3,6,4,5,4,7,13,11,17770
2018-08-28,318.410004,311.859985,7649100,5.74255432105823,-0.0232092093065471,1,3,1,1,1,1,3,6,2,4,17771
2018-08-29,310.269989,305.01001,7447400,5.72034459574099,-0.0219649051801243,4,2,3,4,1,3,3,3,7,3,17772
2018-08-30,302.26001,303.149994,7216700,5.71422771272556,-0.00609821297340385,0,0,0,1,0,1,4,2,5,5,17773
2018-08-31,302,301.660004,5375100,5.70930056860007,-0.00491502566218083,1,0,1,1,0,1,3,3,4,4,17774
2018-09-04,296.940002,288.950012,8350500,5.66625370429346,-0.0421335007341577,1,3,0,2,0,0,0,1,2,2,17778
2018-09-05,285.049988,280.73999,7720800,5.63742893848603,-0.0284132952380706,0,5,0,1,2,0,0,0,0,2,17779
2018-09-06,284.799988,280.950012,7480800,5.63817676027043,0.000748101472825669,3,3,3,3,2,2,5,3,3,6,17780
2018-09-07,260.100006,263.23999,22491900,5.57306612559977,-0.0630362030381406,4,8,2,6,1,3,2,9,9,11,17781
2018-09-10,273.26001,285.5,14283500,5.65424202909607,0.0845616579760546,4,6,2,4,0,1,0,4,5,7,17784
2018-09-11,279.470001,279.440002,9170000,5.63278760765575,-0.0212259124343258,0,1,0,0,1,1,1,2,1,3,17785
2018-09-12,281.440002,290.540009,10015400,5.67174129142154,0.0397223265121505,0,0,0,0,1,0,1,0,1,1,17786
2018-09-13,288.019989,289.459991,6340300,5.66801708711708,-0.00371727805653088,0,0,1,0,0,1,1,0,1,0,17787
2018-09-14,288.76001,295.200012,6765600,5.68765313337672,0.0198301014940612,0,0,0,0,0,0,0,0,0,0,17788
2018-09-17,290.040009,294.839996,6887600,5.68643282275441,-0.00121956634608822,4,5,2,4,7,2,3,4,4,14,17791
2018-09-18,296.690002,284.959991,16547500,5.65234878795797,-0.0335097175893327,2,6,1,3,4,1,2,5,3,10,17792
2018-09-19,280.51001,299.019989,8294900,5.70051042399894,0.0493402528216671,0,3,1,5,0,0,0,3,4,1,17793
2018-09-20,303.559998,298.329987,7349400,5.69820021278406,-0.00230754473073036,4,5,1,2,4,3,0,7,4,12,17794
2018-09-21,297.700012,299.100006,5050500,5.70077798569608,0.00258109822530184,0,1,0,1,0,0,0,1,0,1,17795
2018-09-24,298.480011,299.679993,4843000,5.70271521533753,0.00193910728306701,0,3,0,0,3,0,3,3,0,3,17798
2018-09-25,300,300.98999,4481700,5.70707700838194,0.00437131950947411,3,2,2,1,1,0,2,2,1,3,17799
2018-09-26,301.910004,309.579987,7843200,5.73521649815335,0.0285391451057893,0,0,1,0,0,1,1,0,1,0,17800
2018-09-27,312.899994,307.519989,8509100,5.7285400900119,-0.0066541704454558,6,3,1,6,1,3,2,1,11,2,17801
2018-09-28,270.26001,264.769989,33649700,5.57886148304786,-0.139015353567797,24,15,6,19,3,10,8,16,37,21,17802
2018-10-01,305.769989,310.700012,21777600,5.73882785502147,0.173471408800791,0,1,0,0,0,0,1,1,0,0,17805
2018-10-02,313.950012,301.019989,11743500,5.70717667118179,-0.0311555282463266,4,1,0,2,2,1,1,4,4,14,17806
2018-10-03,303.329987,294.799988,7995000,5.68629711960962,-0.0206630829423092,3,3,1,7,0,2,1,3,10,2,17807
2018-10-04,293.950012,281.829987,9814200,5.64130400615237,-0.0439959346267,5,1,2,1,1,2,1,5,6,2,17808
2018-10-05,274.649994,261.950012,17944500,5.5681536916645,-0.0705388919455189,1,2,1,2,2,1,1,3,3,3,17809
2018-10-08,264.519989,250.559998,13472700,5.52369840482032,-0.0434816319076939,3,4,1,3,1,3,0,3,5,3,17812
2018-10-09,255.25,262.799988,12060600,5.57139324094835,0.0488505351919741,0,1,0,0,3,0,1,6,0,10,17813
2018-10-10,264.609985,256.880005,12815300,5.5486090692456,-0.0225265725659013,0,1,1,1,1,0,0,0,1,4,17814
2018-10-11,257.529999,252.229996,8167700,5.53034135380964,-0.0181018721172945,0,0,0,0,0,0,0,0,2,1,17815
2018-10-12,261,258.779999,7201400,5.55597827602352,0.0259683745148216,1,0,0,1,0,1,0,1,2,4,17816
2018-10-16,265.700012,276.589996,9526400,5.62253625082532,0.06548788575042,1,0,0,0,0,0,0,0,1,0,17820
2018-10-17,282.399994,271.779999,8655500,5.6049929118129,-0.017390350589542,0,0,0,0,0,0,0,1,0,0,17821
2018-10-18,269.290009,263.910004,5421200,5.57560815108937,-0.0289572265396909,0,0,0,0,0,0,0,0,0,1,17822
2018-10-19,267.390015,260,9375500,5.56068163101553,-0.0148156717848408,2,2,1,0,2,0,2,3,1,6,17823
2018-10-22,260.679993,260.950012,5600300,5.56432886407524,0.00365389230769231,3,5,0,3,4,0,3,4,3,6,17826
2018-10-23,263.869995,294.140015,19027800,5.68405589546829,0.12718912233658,1,1,0,1,0,1,0,1,2,1,17827
2018-10-24,301.049988,288.5,20058300,5.66469508594815,-0.0191745927530466,4,6,2,6,2,2,1,8,10,14,17828
2018-10-25,317.220001,314.859985,20840700,5.75212804794626,0.0913690987868283,1,6,0,2,4,0,2,5,4,13,17829
2018-10-26,308.25,330.899994,27425500,5.8018161967952,0.0509433073878853,1,1,1,1,0,1,0,3,1,1,17830
2018-10-29,337.470001,334.850006,14486000,5.81368268827453,0.0119371776114328,5,10,0,1,6,1,5,7,1,11,17833
2018-10-30,328.390015,329.899994,9126700,5.79878956004721,-0.0147827741117018,1,1,0,0,0,1,1,0,1,0,17834
2018-10-31,332.540009,337.320007,7624300,5.82103205545825,0.0224917039555932,0,1,0,0,1,0,0,3,0,4,17835
2018-11-01,338.26001,344.279999,8000100,5.84145527687666,0.0206332024652187,0,2,0,0,0,0,0,2,1,5,17836
2018-11-02,343.73999,346.410004,7808000,5.84762305617889,0.00618683921862107,3,6,1,3,3,1,4,6,2,10,17837
2018-11-05,340.5,341.399994,7831000,5.83305479278565,-0.0144626596869299,1,0,0,1,0,0,0,0,1,0,17840
2018-11-06,339.070007,341.059998,6762900,5.8320584090207,-0.000995887539470774,0,0,0,1,1,1,1,2,2,1,17841
2018-11-07,343.339996,348.160004,7374500,5.85266215571649,0.0208174691891014,0,1,0,0,0,0,0,0,0,0,17842
2018-11-08,348.5,351.399994,7090700,5.86192515867844,0.00930603734712721,1,4,0,0,2,0,2,4,1,9,17843
2018-11-09,349,350.51001,5094800,5.85938926526798,-0.00253268074899271,0,0,0,0,0,0,0,2,0,3,17844
